gateway_txn_id,order_id,transaction_date,captured_amount,gateway,status,reference
GTW-10000,ORD-1000,2026-07-22T07:00:00Z,7562,RAZORPAY,SUCCESS,REF-ORD-1000
GTW-10001,ORD-1001,2026-07-14T12:00:00Z,8151,RAZORPAY,SUCCESS,REF-ORD-1001
GTW-10002,ORD-1002,2026-07-02T11:00:00Z,11532,RAZORPAY,SUCCESS,REF-ORD-1002
GTW-10003,ORD-1003,2026-07-04T12:00:00Z,1493,RAZORPAY,SUCCESS,REF-ORD-1003
GTW-10004,ORD-1004,2026-07-11T02:00:00Z,13616,RAZORPAY,SUCCESS,REF-ORD-1004
GTW-10005,ORD-1005,2026-07-08T09:00:00Z,3639,RAZORPAY,SUCCESS,REF-ORD-1005
GTW-10006,ORD-1006,2026-07-15T03:00:00Z,2796,RAZORPAY,SUCCESS,REF-ORD-1006
GTW-10007,ORD-1007,2026-07-09T02:00:00Z,8079,RAZORPAY,SUCCESS,REF-ORD-1007
GTW-10008,ORD-1008,2026-07-26T09:00:00Z,14612,RAZORPAY,SUCCESS,REF-ORD-1008
GTW-10009,ORD-1009,2026-07-04T09:00:00Z,1328,RAZORPAY,SUCCESS,REF-ORD-1009
GTW-10010,ORD-1010,2026-07-01T04:00:00Z,2028,RAZORPAY,SUCCESS,REF-ORD-1010
GTW-10011,ORD-1011,2026-07-06T08:00:00Z,7158,RAZORPAY,SUCCESS,REF-ORD-1011
GTW-10012,ORD-1012,2026-07-07T01:00:00Z,14666,RAZORPAY,SUCCESS,REF-ORD-1012
GTW-10013,ORD-1013,2026-07-13T05:00:00Z,535,RAZORPAY,SUCCESS,REF-ORD-1013
GTW-10014,ORD-1014,2026-07-26T05:00:00Z,13363,RAZORPAY,SUCCESS,REF-ORD-1014
GTW-10015,ORD-1015,2026-07-23T09:00:00Z,12468,RAZORPAY,SUCCESS,REF-ORD-1015
GTW-10016,ORD-1016,2026-07-23T04:00:00Z,8473,RAZORPAY,SUCCESS,REF-ORD-1016
GTW-10017,ORD-1017,2026-07-10T10:00:00Z,4066,RAZORPAY,SUCCESS,REF-ORD-1017
GTW-10018,ORD-1018,2026-07-24T12:00:00Z,9383,RAZORPAY,SUCCESS,REF-ORD-1018
GTW-10019,ORD-1019,2026-07-11T10:00:00Z,1436,RAZORPAY,SUCCESS,REF-ORD-1019
GTW-10020,ORD-1020,2026-07-16T09:00:00Z,8738,RAZORPAY,SUCCESS,REF-ORD-1020
GTW-10021,ORD-1021,2026-07-06T02:00:00Z,1431,RAZORPAY,SUCCESS,REF-ORD-1021
GTW-10022,ORD-1022,2026-07-06T02:00:00Z,1622,RAZORPAY,SUCCESS,REF-ORD-1022
GTW-10023,ORD-1023,2026-07-22T07:00:00Z,14620,RAZORPAY,SUCCESS,REF-ORD-1023
GTW-10024,ORD-1024,2026-07-04T10:00:00Z,9833,RAZORPAY,SUCCESS,REF-ORD-1024
GTW-10025,ORD-1025,2026-07-20T02:00:00Z,1151,RAZORPAY,SUCCESS,REF-ORD-1025
GTW-10026,ORD-1026,2026-07-14T10:00:00Z,11270,RAZORPAY,SUCCESS,REF-ORD-1026
GTW-10027,ORD-1027,2026-07-11T11:00:00Z,4772,RAZORPAY,SUCCESS,REF-ORD-1027
GTW-10028,ORD-1028,2026-07-23T05:00:00Z,5647,RAZORPAY,SUCCESS,REF-ORD-1028
GTW-10029,ORD-1029,2026-07-13T11:00:00Z,2644,RAZORPAY,SUCCESS,REF-ORD-1029
GTW-10030,ORD-1030,2026-07-10T02:00:00Z,7991,RAZORPAY,SUCCESS,REF-ORD-1030
GTW-10031,ORD-1031,2026-07-01T10:00:00Z,8008,RAZORPAY,SUCCESS,REF-ORD-1031
GTW-10032,ORD-1032,2026-07-04T04:00:00Z,1700,RAZORPAY,SUCCESS,REF-ORD-1032
GTW-10033,ORD-1033,2026-07-17T06:00:00Z,4845,RAZORPAY,SUCCESS,REF-ORD-1033
GTW-10034,ORD-1034,2026-07-03T06:00:00Z,14905,RAZORPAY,SUCCESS,REF-ORD-1034
GTW-10035,ORD-1035,2026-07-10T09:00:00Z,3084,RAZORPAY,SUCCESS,REF-ORD-1035
GTW-10036,ORD-1036,2026-07-23T11:00:00Z,5456,RAZORPAY,SUCCESS,REF-ORD-1036
GTW-10037,ORD-1037,2026-07-17T09:00:00Z,628,RAZORPAY,SUCCESS,REF-ORD-1037
GTW-10038,ORD-1038,2026-07-10T03:00:00Z,11368,RAZORPAY,SUCCESS,REF-ORD-1038
GTW-10039,ORD-1039,2026-07-09T12:00:00Z,2391,RAZORPAY,SUCCESS,REF-ORD-1039
GTW-10040,ORD-1040,2026-07-18T05:00:00Z,3046,RAZORPAY,SUCCESS,REF-ORD-1040
GTW-10041,ORD-1041,2026-07-20T06:00:00Z,3950,RAZORPAY,SUCCESS,REF-ORD-1041
GTW-10042,ORD-1042,2026-07-22T05:00:00Z,10891,RAZORPAY,SUCCESS,REF-ORD-1042
GTW-10043,ORD-1043,2026-07-17T01:00:00Z,8504,RAZORPAY,SUCCESS,REF-ORD-1043
GTW-10044,ORD-1044,2026-07-03T05:00:00Z,10892,RAZORPAY,SUCCESS,REF-ORD-1044
GTW-10045,ORD-1045,2026-07-02T03:00:00Z,558,RAZORPAY,SUCCESS,REF-ORD-1045
GTW-10046,ORD-1046,2026-07-21T12:00:00Z,4791,RAZORPAY,SUCCESS,REF-ORD-1046
GTW-10047,ORD-1047,2026-07-15T07:00:00Z,9538,RAZORPAY,SUCCESS,REF-ORD-1047
GTW-10048,ORD-1048,2026-07-18T02:00:00Z,658,RAZORPAY,SUCCESS,REF-ORD-1048
GTW-10049,ORD-1049,2026-07-23T01:00:00Z,2942,RAZORPAY,SUCCESS,REF-ORD-1049
GTW-10050,ORD-1050,2026-07-12T03:00:00Z,10043,RAZORPAY,SUCCESS,REF-ORD-1050
GTW-10051,ORD-1051,2026-07-05T06:00:00Z,1185,RAZORPAY,SUCCESS,REF-ORD-1051
GTW-10052,ORD-1052,2026-07-26T06:00:00Z,14601,RAZORPAY,SUCCESS,REF-ORD-1052
GTW-10053,ORD-1053,2026-07-07T11:00:00Z,11674,RAZORPAY,SUCCESS,REF-ORD-1053
GTW-10054,ORD-1054,2026-07-04T09:00:00Z,6294,RAZORPAY,SUCCESS,REF-ORD-1054
GTW-10055,ORD-1055,2026-07-14T03:00:00Z,10668,RAZORPAY,SUCCESS,REF-ORD-1055
GTW-10057,ORD-1057,2026-07-26T07:00:00Z,13783,RAZORPAY,SUCCESS,REF-ORD-1057
GTW-10058,ORD-1058,2026-07-06T07:00:00Z,12567,RAZORPAY,SUCCESS,REF-ORD-1058
GTW-10059,ORD-1059,2026-07-24T05:00:00Z,13783,RAZORPAY,SUCCESS,REF-ORD-1059
GTW-10060,ORD-1060,2026-07-06T02:00:00Z,13400,RAZORPAY,SUCCESS,REF-ORD-1060
GTW-10061,ORD-1061,2026-07-13T08:00:00Z,14789,RAZORPAY,SUCCESS,REF-ORD-1061
GTW-10062,ORD-1062,2026-07-08T08:00:00Z,3769,RAZORPAY,SUCCESS,REF-ORD-1062
GTW-10063,ORD-1063,2026-07-12T04:00:00Z,5500,RAZORPAY,SUCCESS,REF-ORD-1063
GTW-10064,ORD-1064,2026-07-08T04:00:00Z,887,RAZORPAY,SUCCESS,REF-ORD-1064
GTW-10065,ORD-1065,2026-07-13T02:00:00Z,5878,RAZORPAY,SUCCESS,REF-ORD-1065
GTW-10066,ORD-1066,2026-07-25T11:00:00Z,5073,RAZORPAY,SUCCESS,REF-ORD-1066
GTW-10067,ORD-1067,2026-07-17T09:00:00Z,7048,RAZORPAY,SUCCESS,REF-ORD-1067
GTW-10068,ORD-1068,2026-07-11T05:00:00Z,952,RAZORPAY,SUCCESS,REF-ORD-1068
GTW-10069,ORD-1069,2026-07-06T01:00:00Z,10012,RAZORPAY,SUCCESS,REF-ORD-1069
GTW-10070,ORD-1070,2026-07-04T06:00:00Z,10274,RAZORPAY,SUCCESS,REF-ORD-1070
GTW-10071,ORD-1071,2026-07-24T07:00:00Z,13384,RAZORPAY,SUCCESS,REF-ORD-1071
GTW-10072,ORD-1072,2026-07-20T07:00:00Z,8879,RAZORPAY,SUCCESS,REF-ORD-1072
GTW-10073,ORD-1073,2026-07-19T01:00:00Z,3614,RAZORPAY,SUCCESS,REF-ORD-1073
GTW-10074,ORD-1074,2026-07-23T09:00:00Z,7644,RAZORPAY,SUCCESS,REF-ORD-1074
GTW-10075,ORD-1075,2026-07-26T12:00:00Z,9321,RAZORPAY,SUCCESS,REF-ORD-1075
GTW-10076,ORD-1076,2026-07-24T06:00:00Z,11487,RAZORPAY,SUCCESS,REF-ORD-1076
GTW-10077,ORD-1077,2026-07-14T06:00:00Z,1646,RAZORPAY,SUCCESS,REF-ORD-1077
GTW-10078,ORD-1078,2026-07-20T02:00:00Z,5643,RAZORPAY,SUCCESS,REF-ORD-1078
GTW-10079,ORD-1079,2026-07-24T05:00:00Z,5420,RAZORPAY,SUCCESS,REF-ORD-1079
GTW-10080,ORD-1080,2026-07-22T07:00:00Z,7191,RAZORPAY,SUCCESS,REF-ORD-1080
GTW-10081,ORD-1081,2026-07-23T03:00:00Z,5344,RAZORPAY,SUCCESS,REF-ORD-1081
GTW-10082,ORD-1082,2026-07-14T11:00:00Z,11394,RAZORPAY,SUCCESS,REF-ORD-1082
GTW-10083,ORD-1083,2026-07-24T10:00:00Z,3351,RAZORPAY,SUCCESS,REF-ORD-1083
GTW-10084,ORD-1084,2026-07-13T01:00:00Z,9477,RAZORPAY,SUCCESS,REF-ORD-1084
GTW-10085,ORD-1085,2026-07-10T07:00:00Z,5200,RAZORPAY,SUCCESS,REF-ORD-1085
GTW-10086,ORD-1086,2026-07-26T11:00:00Z,10002,RAZORPAY,SUCCESS,REF-ORD-1086
GTW-10087,ORD-1087,2026-07-11T08:00:00Z,8118,RAZORPAY,SUCCESS,REF-ORD-1087
GTW-10088,ORD-1088,2026-07-22T08:00:00Z,4001,RAZORPAY,SUCCESS,REF-ORD-1088
GTW-10089,ORD-1089,2026-07-26T03:00:00Z,13542,RAZORPAY,SUCCESS,REF-ORD-1089
GTW-10090,ORD-1090,2026-07-22T09:00:00Z,1889,RAZORPAY,SUCCESS,REF-ORD-1090
GTW-10091,ORD-1091,2026-07-22T06:00:00Z,10870,RAZORPAY,SUCCESS,REF-ORD-1091
GTW-10092,ORD-1092,2026-07-03T04:00:00Z,13909,RAZORPAY,SUCCESS,REF-ORD-1092
GTW-10093,ORD-1093,2026-07-22T04:00:00Z,5585,RAZORPAY,SUCCESS,REF-ORD-1093
GTW-10094,ORD-1094,2026-07-05T04:00:00Z,900,RAZORPAY,SUCCESS,REF-ORD-1094
GTW-10095,ORD-1095,2026-07-16T02:00:00Z,10515,RAZORPAY,SUCCESS,REF-ORD-1095
GTW-10096,ORD-1096,2026-07-15T10:00:00Z,7290,RAZORPAY,SUCCESS,REF-ORD-1096
GTW-10097,ORD-1097,2026-07-07T07:00:00Z,12269,RAZORPAY,SUCCESS,REF-ORD-1097
GTW-10098,ORD-1098,2026-07-16T03:00:00Z,7047,RAZORPAY,SUCCESS,REF-ORD-1098
GTW-10099,ORD-1099,2026-07-21T02:00:00Z,11766,RAZORPAY,SUCCESS,REF-ORD-1099
GTW-10100,ORD-1100,2026-07-25T03:00:00Z,7465,RAZORPAY,SUCCESS,REF-ORD-1100
GTW-10101,ORD-1101,2026-07-26T08:00:00Z,11901,RAZORPAY,SUCCESS,REF-ORD-1101
GTW-10102,ORD-1102,2026-07-02T02:00:00Z,9632,RAZORPAY,SUCCESS,REF-ORD-1102
GTW-10103,ORD-1103,2026-07-15T08:00:00Z,2684,RAZORPAY,SUCCESS,REF-ORD-1103
GTW-10104,ORD-1104,2026-07-22T10:00:00Z,9202,RAZORPAY,SUCCESS,REF-ORD-1104
GTW-10105,ORD-1105,2026-07-11T10:00:00Z,12874,RAZORPAY,SUCCESS,REF-ORD-1105
GTW-10106,ORD-1106,2026-07-17T09:00:00Z,7491,RAZORPAY,SUCCESS,REF-ORD-1106
GTW-10107,ORD-1107,2026-07-06T08:00:00Z,12684,RAZORPAY,SUCCESS,REF-ORD-1107
GTW-10108,ORD-1108,2026-07-15T04:00:00Z,4746,RAZORPAY,SUCCESS,REF-ORD-1108
GTW-10109,ORD-1109,2026-07-21T09:00:00Z,5043,RAZORPAY,SUCCESS,REF-ORD-1109
GTW-10110,ORD-1110,2026-07-21T08:00:00Z,4419,RAZORPAY,SUCCESS,REF-ORD-1110
GTW-10111,ORD-1111,2026-07-03T04:00:00Z,12190,RAZORPAY,SUCCESS,REF-ORD-1111
GTW-10112,ORD-1112,2026-07-09T09:00:00Z,6002,RAZORPAY,SUCCESS,REF-ORD-1112
GTW-10113,ORD-1113,2026-07-03T04:00:00Z,2767,RAZORPAY,SUCCESS,REF-ORD-1113
GTW-10114,ORD-1114,2026-07-23T04:00:00Z,3003,RAZORPAY,SUCCESS,REF-ORD-1114
GTW-10115,ORD-1115,2026-07-03T06:00:00Z,7297,RAZORPAY,SUCCESS,REF-ORD-1115
GTW-10116,ORD-1116,2026-07-18T01:00:00Z,8133,RAZORPAY,SUCCESS,REF-ORD-1116
GTW-10117,ORD-1117,2026-07-14T10:00:00Z,6881,RAZORPAY,SUCCESS,REF-ORD-1117
GTW-10118,ORD-1118,2026-07-23T10:00:00Z,820,RAZORPAY,SUCCESS,REF-ORD-1118
GTW-10119,ORD-1119,2026-07-13T06:00:00Z,8314,RAZORPAY,SUCCESS,REF-ORD-1119
GTW-10120,ORD-1120,2026-07-25T07:00:00Z,6889,RAZORPAY,SUCCESS,REF-ORD-1120
GTW-10121,ORD-1121,2026-07-24T10:00:00Z,12536,RAZORPAY,SUCCESS,REF-ORD-1121
GTW-10122,ORD-1122,2026-07-08T05:00:00Z,8499,RAZORPAY,SUCCESS,REF-ORD-1122
GTW-10123,ORD-1123,2026-07-14T07:00:00Z,8456,RAZORPAY,SUCCESS,REF-ORD-1123
GTW-10124,ORD-1124,2026-07-11T07:00:00Z,11458,RAZORPAY,SUCCESS,REF-ORD-1124
GTW-10125,ORD-1125,2026-07-24T08:00:00Z,3204,RAZORPAY,SUCCESS,REF-ORD-1125
GTW-10126,ORD-1126,2026-07-05T01:00:00Z,10695,RAZORPAY,SUCCESS,REF-ORD-1126
GTW-10128,ORD-1128,2026-07-22T11:00:00Z,944,RAZORPAY,SUCCESS,REF-ORD-1128
GTW-10129,ORD-1129,2026-07-14T08:00:00Z,2723,RAZORPAY,SUCCESS,REF-ORD-1129
GTW-10130,ORD-1130,2026-07-06T07:00:00Z,1323,RAZORPAY,SUCCESS,REF-ORD-1130
GTW-10131,ORD-1131,2026-07-11T06:00:00Z,3967,RAZORPAY,SUCCESS,REF-ORD-1131
GTW-10132,ORD-1132,2026-07-11T05:00:00Z,12971,RAZORPAY,SUCCESS,REF-ORD-1132
GTW-10133,ORD-1133,2026-07-25T05:00:00Z,14130,RAZORPAY,SUCCESS,REF-ORD-1133
GTW-10134,ORD-1134,2026-07-16T09:00:00Z,817,RAZORPAY,SUCCESS,REF-ORD-1134
GTW-10135,ORD-1135,2026-07-02T11:00:00Z,6233,RAZORPAY,SUCCESS,REF-ORD-1135
GTW-10137,ORD-1137,2026-07-02T04:00:00Z,12857,RAZORPAY,SUCCESS,REF-ORD-1137
GTW-10138,ORD-1138,2026-07-07T10:00:00Z,14249,RAZORPAY,SUCCESS,REF-ORD-1138
GTW-10139,ORD-1139,2026-07-05T08:00:00Z,4408,RAZORPAY,SUCCESS,REF-ORD-1139
GTW-10140,ORD-1140,2026-07-22T04:00:00Z,2374,RAZORPAY,SUCCESS,REF-ORD-1140
GTW-10141,ORD-1141,2026-07-15T06:00:00Z,11960,RAZORPAY,SUCCESS,REF-ORD-1141
GTW-10142,ORD-1142,2026-07-06T12:00:00Z,10426,RAZORPAY,SUCCESS,REF-ORD-1142
GTW-10143,ORD-1143,2026-07-23T03:00:00Z,2376,RAZORPAY,SUCCESS,REF-ORD-1143
GTW-10144,ORD-1144,2026-07-10T01:00:00Z,2271,RAZORPAY,SUCCESS,REF-ORD-1144
GTW-10145,ORD-1145,2026-07-10T07:00:00Z,9933,RAZORPAY,SUCCESS,REF-ORD-1145
GTW-10146,ORD-1146,2026-07-13T02:00:00Z,12214,RAZORPAY,SUCCESS,REF-ORD-1146
GTW-10147,ORD-1147,2026-07-19T11:00:00Z,11815,RAZORPAY,SUCCESS,REF-ORD-1147
GTW-10148,ORD-1148,2026-07-08T05:00:00Z,2169,RAZORPAY,SUCCESS,REF-ORD-1148
GTW-10149,ORD-1149,2026-07-22T02:00:00Z,10337,RAZORPAY,SUCCESS,REF-ORD-1149
GTW-10150,ORD-1150,2026-07-26T01:00:00Z,9772,RAZORPAY,SUCCESS,REF-ORD-1150
GTW-10151,ORD-1151,2026-07-12T11:00:00Z,9228,RAZORPAY,SUCCESS,REF-ORD-1151
GTW-10152,ORD-1152,2026-07-12T11:00:00Z,1629,RAZORPAY,SUCCESS,REF-ORD-1152
GTW-10153,ORD-1153,2026-07-11T07:00:00Z,707,RAZORPAY,SUCCESS,REF-ORD-1153
GTW-10154,ORD-1154,2026-07-16T06:00:00Z,2229,RAZORPAY,SUCCESS,REF-ORD-1154
GTW-10155,ORD-1155,2026-07-15T07:00:00Z,12088,RAZORPAY,SUCCESS,REF-ORD-1155
GTW-10156,ORD-1156,2026-07-06T11:00:00Z,12522,RAZORPAY,SUCCESS,REF-ORD-1156
GTW-10157,ORD-1157,2026-07-09T09:00:00Z,10591,RAZORPAY,SUCCESS,REF-ORD-1157
GTW-10158,ORD-1158,2026-07-25T07:00:00Z,8421,RAZORPAY,SUCCESS,REF-ORD-1158
GTW-10159,ORD-1159,2026-07-24T06:00:00Z,10207,RAZORPAY,SUCCESS,REF-ORD-1159
GTW-10160,ORD-1160,2026-07-08T05:00:00Z,14110,RAZORPAY,SUCCESS,REF-ORD-1160
GTW-10161,ORD-1161,2026-07-15T08:00:00Z,4495,RAZORPAY,SUCCESS,REF-ORD-1161
GTW-10162,ORD-1162,2026-07-19T07:00:00Z,10499,RAZORPAY,SUCCESS,REF-ORD-1162
GTW-10163,ORD-1163,2026-07-01T06:00:00Z,8598,RAZORPAY,SUCCESS,REF-ORD-1163
GTW-10164,ORD-1164,2026-07-06T06:00:00Z,8488,RAZORPAY,SUCCESS,REF-ORD-1164
GTW-10165,ORD-1165,2026-07-26T05:00:00Z,4732,RAZORPAY,SUCCESS,REF-ORD-1165
GTW-10166,ORD-1166,2026-07-20T09:00:00Z,11988,RAZORPAY,SUCCESS,REF-ORD-1166
GTW-10167,ORD-1167,2026-07-17T04:00:00Z,3630,RAZORPAY,SUCCESS,REF-ORD-1167
GTW-10168,ORD-1168,2026-07-24T09:00:00Z,7158,RAZORPAY,SUCCESS,REF-ORD-1168
GTW-10169,ORD-1169,2026-07-25T08:00:00Z,4437,RAZORPAY,SUCCESS,REF-ORD-1169
GTW-10170,ORD-1170,2026-07-21T08:00:00Z,12162,RAZORPAY,SUCCESS,REF-ORD-1170
GTW-10171,ORD-1171,2026-07-26T05:00:00Z,782,RAZORPAY,SUCCESS,REF-ORD-1171
GTW-10172,ORD-1172,2026-07-13T05:00:00Z,11834,RAZORPAY,SUCCESS,REF-ORD-1172
GTW-10173,ORD-1173,2026-07-22T08:00:00Z,10028,RAZORPAY,SUCCESS,REF-ORD-1173
GTW-10174,ORD-1174,2026-07-18T07:00:00Z,9198,RAZORPAY,SUCCESS,REF-ORD-1174
GTW-10175,ORD-1175,2026-07-24T06:00:00Z,9517,RAZORPAY,SUCCESS,REF-ORD-1175
GTW-10176,ORD-1176,2026-07-23T05:00:00Z,7934,RAZORPAY,SUCCESS,REF-ORD-1176
GTW-10177,ORD-1177,2026-07-09T12:00:00Z,4277,RAZORPAY,SUCCESS,REF-ORD-1177
GTW-10178,ORD-1178,2026-07-07T12:00:00Z,5669,RAZORPAY,SUCCESS,REF-ORD-1178
GTW-10179,ORD-1179,2026-07-18T03:00:00Z,12987,RAZORPAY,SUCCESS,REF-ORD-1179
GTW-10180,ORD-1180,2026-07-07T05:00:00Z,12601,RAZORPAY,SUCCESS,REF-ORD-1180
GTW-10181,ORD-1181,2026-07-24T09:00:00Z,10159,RAZORPAY,SUCCESS,REF-ORD-1181
GTW-10182,ORD-1182,2026-07-20T04:00:00Z,5136,RAZORPAY,SUCCESS,REF-ORD-1182
GTW-10183,ORD-1183,2026-07-10T03:00:00Z,4227,RAZORPAY,SUCCESS,REF-ORD-1183
GTW-10184,ORD-1184,2026-07-10T09:00:00Z,731,RAZORPAY,SUCCESS,REF-ORD-1184
GTW-10185,ORD-1185,2026-07-05T01:00:00Z,4994,RAZORPAY,SUCCESS,REF-ORD-1185
GTW-10186,ORD-1186,2026-07-18T03:00:00Z,5286,RAZORPAY,SUCCESS,REF-ORD-1186
GTW-10187,ORD-1187,2026-07-21T08:00:00Z,14728,RAZORPAY,SUCCESS,REF-ORD-1187
GTW-10188,ORD-1188,2026-07-04T10:00:00Z,14798,RAZORPAY,SUCCESS,REF-ORD-1188
GTW-10189,ORD-1189,2026-07-10T08:00:00Z,8190,RAZORPAY,SUCCESS,REF-ORD-1189
GTW-10190,ORD-1190,2026-07-06T08:00:00Z,1341,RAZORPAY,SUCCESS,REF-ORD-1190
GTW-10191,ORD-1191,2026-07-04T07:00:00Z,13969,RAZORPAY,SUCCESS,REF-ORD-1191
GTW-10192,ORD-1192,2026-07-16T11:00:00Z,1713,RAZORPAY,SUCCESS,REF-ORD-1192
GTW-10193,ORD-1193,2026-07-22T03:00:00Z,1378,RAZORPAY,SUCCESS,REF-ORD-1193
GTW-10194,ORD-1194,2026-07-26T02:00:00Z,9721,RAZORPAY,SUCCESS,REF-ORD-1194
GTW-10195,ORD-1195,2026-07-08T07:00:00Z,2440,RAZORPAY,SUCCESS,REF-ORD-1195
GTW-10196,ORD-1196,2026-07-20T10:00:00Z,10266,RAZORPAY,SUCCESS,REF-ORD-1196
GTW-10197,ORD-1197,2026-07-08T07:00:00Z,13208,RAZORPAY,SUCCESS,REF-ORD-1197
GTW-10198,ORD-1198,2026-07-15T10:00:00Z,7753,RAZORPAY,SUCCESS,REF-ORD-1198
GTW-10199,ORD-1199,2026-07-14T10:00:00Z,5503,RAZORPAY,SUCCESS,REF-ORD-1199
GTW-10200,ORD-1200,2026-07-02T02:00:00Z,10488,RAZORPAY,SUCCESS,REF-ORD-1200
GTW-10201,ORD-1201,2026-07-25T04:00:00Z,3904,RAZORPAY,SUCCESS,REF-ORD-1201
GTW-10202,ORD-1202,2026-07-09T03:00:00Z,11320,RAZORPAY,SUCCESS,REF-ORD-1202
GTW-10203,ORD-1203,2026-07-06T03:00:00Z,9543,RAZORPAY,SUCCESS,REF-ORD-1203
GTW-10204,ORD-1204,2026-07-01T12:00:00Z,7193,RAZORPAY,SUCCESS,REF-ORD-1204
GTW-10205,ORD-1205,2026-07-20T01:00:00Z,8199,RAZORPAY,SUCCESS,REF-ORD-1205
GTW-10206,ORD-1206,2026-07-08T05:00:00Z,5220,RAZORPAY,SUCCESS,REF-ORD-1206
GTW-10207,ORD-1207,2026-07-23T02:00:00Z,14583,RAZORPAY,SUCCESS,REF-ORD-1207
GTW-10208,ORD-1208,2026-07-22T11:00:00Z,4324,RAZORPAY,SUCCESS,REF-ORD-1208
GTW-10209,ORD-1209,2026-07-19T04:00:00Z,11332,RAZORPAY,SUCCESS,REF-ORD-1209
GTW-10210,ORD-1210,2026-07-14T04:00:00Z,2380,RAZORPAY,SUCCESS,REF-ORD-1210
GTW-10211,ORD-1211,2026-07-21T03:00:00Z,2941,RAZORPAY,SUCCESS,REF-ORD-1211
GTW-10212,ORD-1212,2026-07-03T05:00:00Z,1477,RAZORPAY,SUCCESS,REF-ORD-1212
GTW-10213,ORD-1213,2026-07-20T10:00:00Z,12770,RAZORPAY,SUCCESS,REF-ORD-1213
GTW-10214,ORD-1214,2026-07-15T12:00:00Z,2537,RAZORPAY,SUCCESS,REF-ORD-1214
GTW-10215,ORD-1215,2026-07-10T05:00:00Z,11964,RAZORPAY,SUCCESS,REF-ORD-1215
GTW-10216,ORD-1216,2026-07-17T08:00:00Z,9347,RAZORPAY,SUCCESS,REF-ORD-1216
GTW-10217,ORD-1217,2026-07-03T07:00:00Z,10298,RAZORPAY,SUCCESS,REF-ORD-1217
GTW-10218,ORD-1218,2026-07-24T05:00:00Z,5780,RAZORPAY,SUCCESS,REF-ORD-1218
GTW-10219,ORD-1219,2026-07-01T11:00:00Z,1996,RAZORPAY,SUCCESS,REF-ORD-1219
GTW-10220,ORD-1220,2026-07-19T11:00:00Z,839,RAZORPAY,SUCCESS,REF-ORD-1220
GTW-10221,ORD-1221,2026-07-09T03:00:00Z,9941,RAZORPAY,SUCCESS,REF-ORD-1221
GTW-10222,ORD-1222,2026-07-16T08:00:00Z,9002,RAZORPAY,SUCCESS,REF-ORD-1222
GTW-10223,ORD-1223,2026-07-06T11:00:00Z,10090,RAZORPAY,SUCCESS,REF-ORD-1223
GTW-10224,ORD-1224,2026-07-16T06:00:00Z,1994,RAZORPAY,SUCCESS,REF-ORD-1224
GTW-10225,ORD-1225,2026-07-11T02:00:00Z,5760,RAZORPAY,SUCCESS,REF-ORD-1225
GTW-10226,ORD-1226,2026-07-06T12:00:00Z,5903,RAZORPAY,SUCCESS,REF-ORD-1226
GTW-10227,ORD-1227,2026-07-16T07:00:00Z,5222,RAZORPAY,SUCCESS,REF-ORD-1227
GTW-10228,ORD-1228,2026-07-25T08:00:00Z,9512,RAZORPAY,SUCCESS,REF-ORD-1228
GTW-10229,ORD-1229,2026-07-03T06:00:00Z,5653,RAZORPAY,SUCCESS,REF-ORD-1229
GTW-10230,ORD-1230,2026-07-04T09:00:00Z,13157,RAZORPAY,SUCCESS,REF-ORD-1230
GTW-10231,ORD-1231,2026-07-01T09:00:00Z,11275,RAZORPAY,SUCCESS,REF-ORD-1231
GTW-10232,ORD-1232,2026-07-15T04:00:00Z,7270,RAZORPAY,SUCCESS,REF-ORD-1232
GTW-10233,ORD-1233,2026-07-12T08:00:00Z,10701,RAZORPAY,SUCCESS,REF-ORD-1233
GTW-10234,ORD-1234,2026-07-21T01:00:00Z,7742,RAZORPAY,SUCCESS,REF-ORD-1234
GTW-10235,ORD-1235,2026-07-09T05:00:00Z,9498,RAZORPAY,SUCCESS,REF-ORD-1235
GTW-10236,ORD-1236,2026-07-15T08:00:00Z,14931,RAZORPAY,SUCCESS,REF-ORD-1236
GTW-10237,ORD-1237,2026-07-04T10:00:00Z,972,RAZORPAY,SUCCESS,REF-ORD-1237
GTW-10238,ORD-1238,2026-07-26T03:00:00Z,4420,RAZORPAY,SUCCESS,REF-ORD-1238
GTW-10239,ORD-1239,2026-07-10T09:00:00Z,9524,RAZORPAY,SUCCESS,REF-ORD-1239
GTW-10240,ORD-1240,2026-07-14T02:00:00Z,2027,RAZORPAY,SUCCESS,REF-ORD-1240
GTW-10241,ORD-1241,2026-07-15T03:00:00Z,2424,RAZORPAY,SUCCESS,REF-ORD-1241
GTW-10242,ORD-1242,2026-07-16T09:00:00Z,12240,RAZORPAY,SUCCESS,REF-ORD-1242
GTW-10243,ORD-1243,2026-07-23T08:00:00Z,4979,RAZORPAY,SUCCESS,REF-ORD-1243
GTW-10244,ORD-1244,2026-07-16T09:00:00Z,4493,RAZORPAY,SUCCESS,REF-ORD-1244
GTW-10245,ORD-1245,2026-07-05T10:00:00Z,6784,RAZORPAY,SUCCESS,REF-ORD-1245
GTW-10246,ORD-1246,2026-07-17T02:00:00Z,12727,RAZORPAY,SUCCESS,REF-ORD-1246
GTW-10247,ORD-1247,2026-07-09T07:00:00Z,13159,RAZORPAY,SUCCESS,REF-ORD-1247
GTW-10248,ORD-1248,2026-07-11T05:00:00Z,13405,RAZORPAY,SUCCESS,REF-ORD-1248
GTW-10249,ORD-1249,2026-07-01T05:00:00Z,5134,RAZORPAY,SUCCESS,REF-ORD-1249
GTW-10250,ORD-1250,2026-07-19T08:00:00Z,10001,RAZORPAY,SUCCESS,REF-ORD-1250
GTW-10251,ORD-1251,2026-07-15T06:00:00Z,9324,RAZORPAY,SUCCESS,REF-ORD-1251
GTW-10252,ORD-1252,2026-07-18T07:00:00Z,12998,RAZORPAY,SUCCESS,REF-ORD-1252
GTW-10253,ORD-1253,2026-07-15T04:00:00Z,5772,RAZORPAY,SUCCESS,REF-ORD-1253
GTW-10254,ORD-1254,2026-07-08T04:00:00Z,9868,RAZORPAY,SUCCESS,REF-ORD-1254
GTW-10255,ORD-1255,2026-07-25T06:00:00Z,7230,RAZORPAY,SUCCESS,REF-ORD-1255
GTW-10256,ORD-1256,2026-07-24T07:00:00Z,8249,RAZORPAY,SUCCESS,REF-ORD-1256
GTW-10257,ORD-1257,2026-07-13T11:00:00Z,11373,RAZORPAY,SUCCESS,REF-ORD-1257
GTW-10258,ORD-1258,2026-07-05T03:00:00Z,8615,RAZORPAY,SUCCESS,REF-ORD-1258
GTW-10259,ORD-1259,2026-07-17T02:00:00Z,10169,RAZORPAY,SUCCESS,REF-ORD-1259
